"jpntop_219","Game_List_ID_2420","0.9994593233263505"
"jpntop_5","Game_List_ID_44","0.9985711267280283"
"jpntop_194","Game_List_ID_459","0.7265704690826605"
"jpntop_211","Game_List_ID_3198","0.9713604136537706"
"jpntop_158","Game_List_ID_6574","0.9137505034804287"
"jpntop_129","Game_List_ID_598","0.9985711267280283"
"jpntop_352","Game_List_ID_7098","0.9345874080276694"
"jpntop_132","Game_List_ID_327","0.9985711267280283"
"jpntop_174","Game_List_ID_239","0.9985711267280283"
"jpntop_191","Game_List_ID_6055","0.8697296813985077"
"jpntop_262","Game_List_ID_2909","0.9994593233263505"
"jpntop_750","Game_List_ID_9723","0.9985711267280283"
"jpntop_655","Game_List_ID_2825","0.9994593233263505"
"jpntop_360","Game_List_ID_2993","0.9045029359212307"
"jpntop_788","Game_List_ID_6270","0.7612658510559951"
"jpntop_353","Game_List_ID_9635","0.9994593233263505"
"jpntop_349","Game_List_ID_2903","0.9994593233263505"
"jpntop_850","Game_List_ID_6124","0.9956255279230414"
"jpntop_912","Game_List_ID_1762","0.9137505034804287"
"jpntop_966","Game_List_ID_9469","0.8420697900846815"
"jpntop_355","Game_List_ID_351","0.9994593233263505"
"jpntop_92","Game_List_ID_8595","0.9900877376816143"
"jpntop_983","Game_List_ID_5078","0.9994593233263505"
"jpntop_84","Game_List_ID_1260","0.8116634149903883"
"jpntop_700","Game_List_ID_10259","0.9985711267280283"
"jpntop_261","Game_List_ID_652","0.9983416865138329"
"jpntop_290","Game_List_ID_12257","0.9962293498549575"
"jpntop_241","Game_List_ID_3300","0.9994593233263505"
"jpntop_757","Game_List_ID_5042","0.7790523786794427"
"jpntop_231","Game_List_ID_560","0.9994593233263505"
"jpntop_919","Game_List_ID_10476","0.8791633745143085"
"jpntop_137","Game_List_ID_12664","0.7901196954949031"
"jpntop_840","Game_List_ID_7858","0.9900877376816143"
"jpntop_293","Game_List_ID_784","0.9994593233263505"
"jpntop_121","Game_List_ID_310","0.9985711267280283"
"jpntop_503","Game_List_ID_2036","0.9900877376816143"
"jpntop_368","Game_List_ID_297","0.8262235441850956"
"jpntop_52","Game_List_ID_183","0.9994593233263505"
"jpntop_753","Game_List_ID_259","0.9900877376816143"
"jpntop_302","Game_List_ID_2558","0.9900877376816143"
"jpntop_787","Game_List_ID_9798","0.7750167392769988"
"jpntop_703","Game_List_ID_11254","0.7018382020270026"
"jpntop_772","Game_List_ID_9680","0.9985711267280283"
"jpntop_382","Game_List_ID_2138","0.9994593233263505"
"jpntop_37","Game_List_ID_42","0.9994593233263505"
"jpntop_301","Game_List_ID_3091","0.953488359062361"
"jpntop_924","Game_List_ID_5974","0.7192659588463155"
"jpntop_63","Game_List_ID_168","0.8376286960087242"
"jpntop_829","Game_List_ID_6521","0.7969982884097327"
"jpntop_635","Game_List_ID_6247","0.9182422699553807"
"jpntop_452","Game_List_ID_5319","0.7844354134120747"
"jpntop_450","Game_List_ID_2051","0.9985711267280283"
"jpntop_631","Game_List_ID_9393","0.9701760893840877"
"jpntop_468","Game_List_ID_5556","0.9994593233263505"
"jpntop_63","Game_List_ID_605","0.9994593233263505"
"jpntop_491","Game_List_ID_4082","0.9985711267280283"
"jpntop_960","Game_List_ID_1818","0.9988792283405649"
"jpntop_913","Game_List_ID_9074","0.9739704435954581"
"jpntop_521","Game_List_ID_12422","0.7712271799395348"
"jpntop_19","Game_List_ID_1","0.9994593233263505"
"jpntop_753","Game_List_ID_103","0.9994593233263505"
"jpntop_188","Game_List_ID_812","0.9985711267280283"
"jpntop_809","Game_List_ID_7315","0.9994593233263505"
"jpntop_217","Game_List_ID_504","0.7763503785274813"
"jpntop_507","Game_List_ID_4009","0.9994593233263505"
"jpntop_79","Game_List_ID_5447","0.8530525223206716"
"jpntop_730","Game_List_ID_1314","0.9994593233263505"
"jpntop_324","Game_List_ID_4704","0.8139803544769981"
"jpntop_598","Game_List_ID_13026","0.9900877376816143"
"jpntop_434","Game_List_ID_1178","0.9994593233263505"
"jpntop_402","Game_List_ID_4079","0.9994593233263505"
"jpntop_661","Game_List_ID_59","0.9994593233263505"
"jpntop_342","Game_List_ID_7617","0.8362018811140514"
"jpntop_832","Game_List_ID_3855","0.9994593233263505"
"jpntop_157","Game_List_ID_59","0.7549304036376949"
"jpntop_124","Game_List_ID_297","0.7707317951259127"
"jpntop_243","Game_List_ID_3744","0.9182422699553807"
"jpntop_353","Game_List_ID_4810","0.8495424197000422"
"jpntop_785","Game_List_ID_741","0.9137505034804287"
"jpntop_145","Game_List_ID_917","0.9994593233263505"
"jpntop_643","Game_List_ID_8725","0.8063373766423833"
"jpntop_511","Game_List_ID_6247","0.9071352708900575"
"jpntop_356","Game_List_ID_2795","0.9701760893840877"
"jpntop_855","Game_List_ID_24","0.9701760893840877"
"jpntop_915","Game_List_ID_1475","0.8262235441850956"
"jpntop_470","Game_List_ID_4082","0.7608406485004551"
"jpntop_569","Game_List_ID_180","0.9994593233263505"
"jpntop_725","Game_List_ID_5320","0.9994593233263505"
"jpntop_105","Game_List_ID_1722","0.9900877376816143"
"jpntop_468","Game_List_ID_6086","0.9043860108292818"
"jpntop_785","Game_List_ID_14743","0.9655444633329184"
"jpntop_198","Game_List_ID_6481","0.9866885722069719"
"jpntop_504","Game_List_ID_3835","0.9137505034804287"
"jpntop_241","Game_List_ID_14849","0.9866885722069719"
"jpntop_746","Game_List_ID_13461","0.9994593233263505"
"jpntop_244","Game_List_ID_1172","0.9900877376816143"
"jpntop_194","Game_List_ID_1115","0.9062148577022443"
"jpntop_191","Game_List_ID_2827","0.9994593233263505"
"jpntop_541","Game_List_ID_3939","0.9994593233263505"
"jpntop_943","Game_List_ID_2920","0.9994593233263505"
"jpntop_215","Game_List_ID_56","0.9994593233263505"
"jpntop_494","Game_List_ID_2369","0.9137505034804287"
"jpntop_926","Game_List_ID_3936","0.9994593233263505"
"jpntop_719","Game_List_ID_1719","0.9994593233263505"
"jpntop_78","Game_List_ID_106","0.9988792283405649"
"jpntop_495","Game_List_ID_484","0.7763503785274813"
"jpntop_688","Game_List_ID_2249","0.9985711267280283"
"jpntop_553","Game_List_ID_1765","0.9994593233263505"
"jpntop_393","Game_List_ID_14042","0.9137505034804287"
"jpntop_646","Game_List_ID_848","0.9900877376816143"
"jpntop_547","Game_List_ID_2769","0.9985711267280283"
"jpntop_347","Game_List_ID_1726","0.896270188748495"
"jpntop_151","Game_List_ID_2134","0.9985711267280283"
"jpntop_431","Game_List_ID_571","0.9261564450304818"
"jpntop_518","Game_List_ID_25","0.7453542933129498"
"jpntop_497","Game_List_ID_2940","0.9994593233263505"
"jpntop_737","Game_List_ID_8128","0.9320918602704242"
"jpntop_902","Game_List_ID_2789","0.9994593233263505"
"jpntop_715","Game_List_ID_6961","0.9994593233263505"
"jpntop_422","Game_List_ID_4935","0.8904967065734547"
"jpntop_151","Game_List_ID_5042","0.8012091873066657"
"jpntop_424","Game_List_ID_2105","0.9900877376816143"
"jpntop_195","Game_List_ID_5815","0.9655444633329184"
"jpntop_368","Game_List_ID_322","0.7362727953310138"
"jpntop_569","Game_List_ID_392","0.9900877376816143"
"jpntop_912","Game_List_ID_311","0.9962293498549575"
"jpntop_596","Game_List_ID_11108","0.7059797215429565"
"jpntop_433","Game_List_ID_3872","0.7012949136320507"
"jpntop_740","Game_List_ID_875","0.7326577825211424"
"jpntop_800","Game_List_ID_7182","0.9683720064654645"
"jpntop_855","Game_List_ID_157","0.9900877376816143"
"jpntop_123","Game_List_ID_2163","0.9644709479182473"
"jpntop_722","Game_List_ID_10834","0.8400183830655727"
"jpntop_357","Game_List_ID_2995","0.7326577825211424"
"jpntop_787","Game_List_ID_6439","0.7969982884097327"
"jpntop_182","Game_List_ID_387","0.9956255279230414"
"jpntop_599","Game_List_ID_5949","0.9703568236833475"
"jpntop_857","Game_List_ID_6534","0.9994593233263505"
"jpntop_462","Game_List_ID_1559","0.9994593233263505"
"jpntop_482","Game_List_ID_1031","0.9994593233263505"
"jpntop_105","Game_List_ID_691","0.9994593233263505"
"jpntop_137","Game_List_ID_6831","0.7707317951259127"
"jpntop_527","Game_List_ID_13802","0.9701760893840877"
"jpntop_55","Game_List_ID_766","0.9701760893840877"
"jpntop_548","Game_List_ID_3801","0.7126483277490958"
"jpntop_355","Game_List_ID_1081","0.9900877376816143"
"jpntop_287","Game_List_ID_851","0.9994593233263505"
"jpntop_624","Game_List_ID_5453","0.9994593233263505"
"jpntop_150","Game_List_ID_1726","0.9994593233263505"
"jpntop_110","Game_List_ID_1614","0.9866885722069719"
"jpntop_143","Game_List_ID_878","0.9900877376816143"
"jpntop_56","Game_List_ID_175","0.9994593233263505"
"jpntop_751","Game_List_ID_8174","0.9994593233263505"
"jpntop_699","Game_List_ID_57","0.9994593233263505"
"jpntop_945","Game_List_ID_5837","0.9866885722069719"
"jpntop_97","Game_List_ID_506","0.7460355251907952"
"jpntop_733","Game_List_ID_6484","0.9985711267280283"
"jpntop_501","Game_List_ID_4670","0.9994593233263505"
"jpntop_321","Game_List_ID_762","0.9994593233263505"
"jpntop_868","Game_List_ID_6294","0.8426551495771669"
"jpntop_416","Game_List_ID_915","0.9585434630375074"
"jpntop_531","Game_List_ID_2695","0.9866885722069719"
"jpntop_941","Game_List_ID_9472","0.7960184190691107"
"jpntop_415","Game_List_ID_1732","0.9158955829652645"
"jpntop_442","Game_List_ID_5525","0.9994593233263505"
"jpntop_585","Game_List_ID_1343","0.9662589129884349"
"jpntop_387","Game_List_ID_3536","0.9994593233263505"
"jpntop_938","Game_List_ID_7722","0.9328348692192193"
"jpntop_527","Game_List_ID_2784","0.9701760893840877"
"jpntop_981","Game_List_ID_1747","0.9739704435954581"
"jpntop_775","Game_List_ID_7022","0.9994593233263505"
"jpntop_286","Game_List_ID_1532","0.923365623211721"
"jpntop_779","Game_List_ID_13172","0.9994593233263505"
"jpntop_341","Game_List_ID_2601","0.9994593233263505"
"jpntop_342","Game_List_ID_4477","0.9717814647926695"
"jpntop_999","Game_List_ID_7534","0.8718330789240787"
"jpntop_910","Game_List_ID_1921","0.9142191937935944"
"jpntop_242","Game_List_ID_459","0.9983416865138329"
"jpntop_624","Game_List_ID_7802","0.9900877376816143"
"jpntop_549","Game_List_ID_54","0.9866885722069719"
"jpntop_443","Game_List_ID_3859","0.9609679475446352"
"jpntop_844","Game_List_ID_7284","0.9339764157566515"
"jpntop_393","Game_List_ID_8915","0.9866885722069719"
"jpntop_126","Game_List_ID_993","0.9994593233263505"
"jpntop_459","Game_List_ID_2765","0.9900877376816143"
"jpntop_213","Game_List_ID_2859","0.7104070434531153"
"jpntop_736","Game_List_ID_6665","0.9900877376816143"
"jpntop_714","Game_List_ID_6775","0.9994593233263505"
"jpntop_130","Game_List_ID_1534","0.7379282165948038"
"jpntop_413","Game_List_ID_201","0.9985711267280283"
"jpntop_527","Game_List_ID_2383","0.9994593233263505"
"jpntop_474","Game_List_ID_554","0.8826276204005409"
"jpntop_830","Game_List_ID_8010","0.8354917866663509"
"jpntop_498","Game_List_ID_6106","0.7888970948041562"
"jpntop_169","Game_List_ID_2770","0.9174920828436035"
"jpntop_509","Game_List_ID_3112","0.9985711267280283"
"jpntop_263","Game_List_ID_2601","0.9017773126106879"
"jpntop_680","Game_List_ID_6483","0.9985711267280283"
"jpntop_536","Game_List_ID_13319","0.7637948568740095"
"jpntop_945","Game_List_ID_2609","0.9994593233263505"
"jpntop_410","Game_List_ID_1231","0.9994593233263505"
"jpntop_200","Game_List_ID_3173","0.9695778152339412"
"jpntop_748","Game_List_ID_4347","0.9985711267280283"
"jpntop_420","Game_List_ID_882","0.9137505034804287"
"jpntop_393","Game_List_ID_8596","0.9900877376816143"
"jpntop_554","Game_List_ID_3100","0.9994593233263505"
"jpntop_766","Game_List_ID_4913","0.9994593233263505"
"jpntop_750","Game_List_ID_7004","0.9994593233263505"
"jpntop_348","Game_List_ID_13953","0.9885117557057642"
"jpntop_719","Game_List_ID_336","0.9701760893840877"
"jpntop_819","Game_List_ID_2242","0.9900877376816143"
"jpntop_290","Game_List_ID_376","0.9900877376816143"
"jpntop_735","Game_List_ID_4440","0.9137505034804287"
"jpntop_15","Game_List_ID_20","0.927065745357135"
"jpntop_437","Game_List_ID_1325","0.9994593233263505"
"jpntop_203","Game_List_ID_2459","0.8736877795283966"
"jpntop_312","Game_List_ID_1646","0.8736877795283966"
"jpntop_815","Game_List_ID_10008","0.9985711267280283"
"jpntop_669","Game_List_ID_385","0.9985711267280283"
"jpntop_222","Game_List_ID_2869","0.9994593233263505"
"jpntop_762","Game_List_ID_7014","0.9994593233263505"
"jpntop_41","Game_List_ID_605","0.8376286960087242"
"jpntop_391","Game_List_ID_7075","0.9900877376816143"
"jpntop_185","Game_List_ID_1410","0.9994593233263505"
"jpntop_449","Game_List_ID_13688","0.7656201840439141"
"jpntop_41","Game_List_ID_168","0.9994593233263505"
"jpntop_566","Game_List_ID_803","0.9701297329806998"
"jpntop_305","Game_List_ID_4655","0.9985711267280283"
"jpntop_646","Game_List_ID_381","0.9900877376816143"
"jpntop_177","Game_List_ID_149","0.9994593233263505"
"jpntop_379","Game_List_ID_5121","0.9994593233263505"
"jpntop_237","Game_List_ID_1020","0.9866885722069719"
"jpntop_708","Game_List_ID_57","0.8165239574174032"
"jpntop_613","Game_List_ID_4732","0.9707390419603323"
"jpntop_398","Game_List_ID_5002","0.9697301229615184"
"jpntop_306","Game_List_ID_6449","0.7088896524492094"
"jpntop_538","Game_List_ID_5769","0.9692379163100084"
"jpntop_771","Game_List_ID_7311","0.9207774923476536"
"jpntop_417","Game_List_ID_1278","0.924391485331879"
"jpntop_219","Game_List_ID_7748","0.9900877376816143"
"jpntop_722","Game_List_ID_7539","0.7969982884097327"
"jpntop_353","Game_List_ID_12778","0.9900877376816143"
"jpntop_503","Game_List_ID_2601","0.9136242511170757"
"jpntop_76","Game_List_ID_1036","0.9339764157566515"
"jpntop_650","Game_List_ID_206","0.9956255279230414"
"jpntop_314","Game_List_ID_2720","0.8773324490730686"
"jpntop_437","Game_List_ID_3566","0.7419555776599338"
"jpntop_854","Game_List_ID_7808","0.9994593233263505"
"jpntop_23","Game_List_ID_189","0.9994593233263505"
"jpntop_112","Game_List_ID_2063","0.9985711267280283"
"jpntop_888","Game_List_ID_2802","0.9994593233263505"
"jpntop_965","Game_List_ID_2000","0.9045029359212307"
"jpntop_946","Game_List_ID_1656","0.9994593233263505"
"jpntop_545","Game_List_ID_1392","0.9616169101554627"
"jpntop_651","Game_List_ID_6533","0.9681038201393366"
"jpntop_770","Game_List_ID_7259","0.9994593233263505"
"jpntop_900","Game_List_ID_7310","0.889112153255927"
"jpntop_503","Game_List_ID_480","0.9994593233263505"
"jpntop_236","Game_List_ID_3572","0.9657422510533026"
"jpntop_536","Game_List_ID_5795","0.9994593233263505"
"jpntop_238","Game_List_ID_201","0.9701760893840877"
"jpntop_397","Game_List_ID_1876","0.9701760893840877"
"jpntop_499","Game_List_ID_8811","0.9900877376816143"
"jpntop_48","Game_List_ID_77","0.9985711267280283"
"jpntop_818","Game_List_ID_4575","0.7888970948041562"
"jpntop_753","Game_List_ID_1442","0.9962293498549575"
"jpntop_610","Game_List_ID_6247","0.9956255279230414"
"jpntop_427","Game_List_ID_1148","0.9985711267280283"
"jpntop_941","Game_List_ID_7780","0.9985711267280283"
"jpntop_22","Game_List_ID_389","0.9994593233263505"
"jpntop_291","Game_List_ID_1287","0.9994593233263505"
"jpntop_662","Game_List_ID_546","0.9962293498549575"
"jpntop_219","Game_List_ID_7637","0.9956255279230414"
"jpntop_673","Game_List_ID_1563","0.9985711267280283"
"jpntop_34","Game_List_ID_64","0.9994593233263505"
"jpntop_702","Game_List_ID_6815","0.8207513908315056"
"jpntop_173","Game_List_ID_1813","0.9636770401226691"
"jpntop_400","Game_List_ID_2796","0.9994593233263505"
"jpntop_768","Game_List_ID_5380","0.7422165909168569"
"jpntop_574","Game_List_ID_9825","0.9956255279230414"
"jpntop_302","Game_List_ID_7858","0.9900877376816143"
"jpntop_739","Game_List_ID_9797","0.9866885722069719"
"jpntop_130","Game_List_ID_7098","0.7419555776599338"
"jpntop_380","Game_List_ID_3531","0.9994593233263505"
"jpntop_206","Game_List_ID_2845","0.9994593233263505"
"jpntop_550","Game_List_ID_2746","0.9994593233263505"
"jpntop_840","Game_List_ID_2558","0.9900877376816143"
"jpntop_176","Game_List_ID_1830","0.8450944052431801"
"jpntop_263","Game_List_ID_480","0.749374033424867"
"jpntop_94","Game_List_ID_1618","0.7712271799395348"
"jpntop_836","Game_List_ID_6035","0.7487650485277052"
"jpntop_563","Game_List_ID_6091","0.9994593233263505"
"jpntop_539","Game_List_ID_5943","0.7888970948041562"
"jpntop_131","Game_List_ID_58","0.9137505034804287"
"jpntop_435","Game_List_ID_4493","0.9563651135572673"
"jpntop_243","Game_List_ID_484","0.7612658510559951"
"jpntop_21","Game_List_ID_14","0.9994593233263505"
"jpntop_105","Game_List_ID_12245","0.9137505034804287"
"jpntop_137","Game_List_ID_4211","0.8262235441850956"
"jpntop_772","Game_List_ID_7011","0.9994593233263505"
"jpntop_183","Game_List_ID_605","0.7265704690826605"
"jpntop_496","Game_List_ID_10871","0.9866885722069719"
"jpntop_124","Game_List_ID_9710","0.8857165774383835"
"jpntop_825","Game_List_ID_7382","0.9994593233263505"
"jpntop_396","Game_List_ID_11108","0.8231063301664469"
"jpntop_386","Game_List_ID_4883","0.9692379163100084"
"jpntop_905","Game_List_ID_7382","0.7815917004429875"
"jpntop_980","Game_List_ID_8747","0.9994593233263505"
"jpntop_69","Game_List_ID_215","0.924391485331879"
"jpntop_572","Game_List_ID_4730","0.9720255359691597"
"jpntop_412","Game_List_ID_1996","0.9866885722069719"
"jpntop_993","Game_List_ID_4493","0.7452945031432876"
"jpntop_420","Game_List_ID_2137","0.8450944052431801"
"jpntop_341","Game_List_ID_480","0.9136242511170757"
"jpntop_966","Game_List_ID_6521","0.8400183830655727"
"jpntop_943","Game_List_ID_5749","0.9900877376816143"
"jpntop_521","Game_List_ID_12653","0.9636770401226691"
"jpntop_98","Game_List_ID_3744","0.7712271799395348"
"jpntop_615","Game_List_ID_2898","0.9137505034804287"
"jpntop_235","Game_List_ID_7705","0.7473397182784312"
"jpntop_539","Game_List_ID_7790","0.7888970948041562"
"jpntop_383","Game_List_ID_13461","0.7400936169563467"
"jpntop_616","Game_List_ID_1672","0.9985711267280283"
"jpntop_837","Game_List_ID_5014","0.9985711267280283"
"jpntop_280","Game_List_ID_4463","0.7588557082856323"
"jpntop_881","Game_List_ID_154","0.9994593233263505"
"jpntop_243","Game_List_ID_322","0.9678087452567321"
"jpntop_260","Game_List_ID_5254","0.7012949136320507"
"jpntop_517","Game_List_ID_10052","0.9866885722069719"
"jpntop_774","Game_List_ID_7094","0.9739704435954581"
"jpntop_86","Game_List_ID_1374","0.9985711267280283"
"jpntop_375","Game_List_ID_301","0.9994593233263505"
"jpntop_886","Game_List_ID_13939","0.9866885722069719"
"jpntop_624","Game_List_ID_4035","0.9985711267280283"
"jpntop_99","Game_List_ID_168","0.8342984139863093"
"jpntop_798","Game_List_ID_336","0.9994593233263505"
"jpntop_391","Game_List_ID_4341","0.9994593233263505"
"jpntop_767","Game_List_ID_7060","0.9655444633329184"
"jpntop_551","Game_List_ID_1055","0.9994593233263505"
"jpntop_369","Game_List_ID_4704","0.9739704435954581"
"jpntop_918","Game_List_ID_8422","0.9994593233263505"
"jpntop_279","Game_List_ID_338","0.9994593233263505"
"jpntop_725","Game_List_ID_8180","0.9985711267280283"
"jpntop_274","Game_List_ID_695","0.9785296254705553"
"jpntop_781","Game_List_ID_1603","0.9985711267280283"
"jpntop_230","Game_List_ID_714","0.9994593233263505"
"jpntop_787","Game_List_ID_7737","0.8400183830655727"
"jpntop_276","Game_List_ID_3216","0.9547427088272572"
"jpntop_387","Game_List_ID_4486","0.9088538396004537"
"jpntop_915","Game_List_ID_602","0.9994593233263505"
"jpntop_55","Game_List_ID_177","0.9994593233263505"
"jpntop_320","Game_List_ID_448","0.9994593233263505"
"jpntop_217","Game_List_ID_484","0.9220854153799126"
"jpntop_590","Game_List_ID_5681","0.9985711267280283"
"jpntop_362","Game_List_ID_1205","0.9985711267280283"
"jpntop_714","Game_List_ID_7022","0.9137505034804287"
"jpntop_569","Game_List_ID_3776","0.9962293498549575"
"jpntop_699","Game_List_ID_37","0.9900877376816143"
"jpntop_963","Game_List_ID_4630","0.7712271799395348"
"jpntop_387","Game_List_ID_5251","0.7005361704276073"
"jpntop_356","Game_List_ID_4302","0.9994593233263505"
"jpntop_890","Game_List_ID_2800","0.9994593233263505"
"jpntop_9","Game_List_ID_13378","0.7077296663622642"
"jpntop_568","Game_List_ID_4548","0.9994593233263505"
"jpntop_17","Game_List_ID_3","0.9994593233263505"
"jpntop_978","Game_List_ID_9556","0.9994593233263505"
"jpntop_775","Game_List_ID_6775","0.9137505034804287"
"jpntop_729","Game_List_ID_6811","0.9994593233263505"
"jpntop_348","Game_List_ID_25","0.9949255040782282"
"jpntop_7","Game_List_ID_27","0.9269011888991934"
"jpntop_485","Game_List_ID_2993","0.7551806204996723"
"jpntop_880","Game_List_ID_2631","0.9988792283405649"
"jpntop_331","Game_List_ID_4493","0.7712271799395348"
"jpntop_744","Game_List_ID_6988","0.9648239846017428"
"jpntop_562","Game_List_ID_4463","0.9265704442046709"
"jpntop_272","Game_List_ID_3490","0.9673061887110322"
"jpntop_717","Game_List_ID_3801","0.7759695796187415"
"jpntop_912","Game_List_ID_913","0.9866885722069719"
"jpntop_401","Game_List_ID_2951","0.8596770519704545"
"jpntop_792","Game_List_ID_7225","0.9994593233263505"
"jpntop_345","Game_List_ID_6954","0.9985711267280283"
"jpntop_9","Game_List_ID_3968","0.7903457568066236"
"jpntop_261","Game_List_ID_6293","0.9900877376816143"
"jpntop_302","Game_List_ID_11798","0.7100646331032826"
"jpntop_988","Game_List_ID_7826","0.8897003478958496"
"jpntop_746","Game_List_ID_5065","0.7400936169563467"
"jpntop_346","Game_List_ID_6531","0.8651168660949211"
"jpntop_263","Game_List_ID_895","0.7588557082856323"
"jpntop_114","Game_List_ID_9328","0.8982574784937802"
"jpntop_81","Game_List_ID_1195","0.9985711267280283"
"jpntop_194","Game_List_ID_4268","0.8826276204005409"
"jpntop_539","Game_List_ID_6106","0.9985711267280283"
"jpntop_127","Game_List_ID_185","0.9994593233263505"
"jpntop_768","Game_List_ID_7183","0.9994593233263505"
"jpntop_189","Game_List_ID_2205","0.9994593233263505"
"jpntop_578","Game_List_ID_4476","0.9994593233263505"
"jpntop_477","Game_List_ID_4312","0.7853038767028659"
"jpntop_63","Game_List_ID_220","0.7645639072388692"
"jpntop_249","Game_List_ID_3662","0.9994593233263505"
"jpntop_401","Game_List_ID_13839","0.8211017426921848"
"jpntop_261","Game_List_ID_895","0.9683720064654645"
"jpntop_367","Game_List_ID_4582","0.7588557082856323"
"jpntop_45","Game_List_ID_5622","0.749374033424867"
"jpntop_165","Game_List_ID_250","0.9988792283405649"
"jpntop_390","Game_List_ID_3677","0.9345874080276694"
"jpntop_111","Game_List_ID_310","0.7474310127746788"
"jpntop_527","Game_List_ID_6583","0.9853952927299506"
"jpntop_373","Game_List_ID_1037","0.9983416865138329"
"jpntop_829","Game_List_ID_7722","0.8400183830655727"
"jpntop_892","Game_List_ID_5519","0.9994593233263505"
"jpntop_892","Game_List_ID_3899","0.882768825483094"
"jpntop_440","Game_List_ID_5557","0.9271451886523571"
"jpntop_424","Game_List_ID_12300","0.9885117557057642"
"jpntop_751","Game_List_ID_7913","0.9985711267280283"
"jpntop_598","Game_List_ID_14253","0.9900877376816143"
"jpntop_1000","Game_List_ID_8802","0.7660050251043619"
"jpntop_878","Game_List_ID_8725","0.8126169473047512"
"jpntop_923","Game_List_ID_2685","0.9962293498549575"
"jpntop_882","Game_List_ID_5218","0.9985711267280283"
"jpntop_856","Game_List_ID_11468","0.9166649974864729"
"jpntop_233","Game_List_ID_2184","0.9994593233263505"
"jpntop_232","Game_List_ID_2481","0.9137505034804287"
"jpntop_192","Game_List_ID_181","0.9988792283405649"
"jpntop_267","Game_List_ID_3652","0.9142191937935944"
"jpntop_923","Game_List_ID_1426","0.9900877376816143"
"jpntop_114","Game_List_ID_297","0.8983820449162642"
"jpntop_696","Game_List_ID_5260","0.923365623211721"
"jpntop_755","Game_List_ID_31","0.7326577825211424"
"jpntop_498","Game_List_ID_5943","0.9985711267280283"
"jpntop_92","Game_List_ID_5720","0.7348028018553643"
"jpntop_988","Game_List_ID_8841","0.7530554111340161"
"jpntop_11","Game_List_ID_155","0.9985711267280283"
"jpntop_511","Game_List_ID_4165","0.8748847908960484"
"jpntop_669","Game_List_ID_243","0.9900877376816143"
"jpntop_861","Game_List_ID_14837","0.9949255040782282"
"jpntop_813","Game_List_ID_8836","0.7302684998969353"
"jpntop_77","Game_List_ID_717","0.9616169101554627"
"jpntop_504","Game_List_ID_1876","0.9985711267280283"
"jpntop_158","Game_List_ID_2100","0.9866885722069719"
"jpntop_855","Game_List_ID_17","0.9956255279230414"
"jpntop_339","Game_List_ID_4312","0.9288483404398544"
"jpntop_950","Game_List_ID_7900","0.8325017413592002"
"jpntop_445","Game_List_ID_1648","0.9985711267280283"
"jpntop_130","Game_List_ID_10117","0.7322284436493881"
"jpntop_229","Game_List_ID_2205","0.8908200835645887"
"jpntop_436","Game_List_ID_4092","0.9994593233263505"
"jpntop_104","Game_List_ID_6831","0.9994593233263505"
"jpntop_528","Game_List_ID_1815","0.9988792283405649"
"jpntop_727","Game_List_ID_9710","0.7162349560219402"
"jpntop_225","Game_List_ID_2721","0.9150722958307597"
"jpntop_773","Game_List_ID_3116","0.9994593233263505"
"jpntop_218","Game_List_ID_246","0.9627397761448633"
"jpntop_536","Game_List_ID_7321","0.9166649974864729"
"jpntop_483","Game_List_ID_3174","0.9994593233263505"
"jpntop_595","Game_List_ID_2692","0.9985711267280283"
"jpntop_92","Game_List_ID_794","0.9994593233263505"
"jpntop_698","Game_List_ID_6337","0.9994593233263505"
"jpntop_933","Game_List_ID_11263","0.7473397182784312"
"jpntop_327","Game_List_ID_1782","0.9985711267280283"
"jpntop_887","Game_List_ID_6481","0.9994593233263505"
"jpntop_668","Game_List_ID_11266","0.8667367598439568"
"jpntop_27","Game_List_ID_41","0.9994593233263505"
"jpntop_641","Game_List_ID_3167","0.8937852907264461"
"jpntop_109","Game_List_ID_394","0.9785296254705553"
"jpntop_13","Game_List_ID_12","0.9985711267280283"
"jpntop_232","Game_List_ID_3518","0.9994593233263505"
"jpntop_454","Game_List_ID_2441","0.7473397182784312"
"jpntop_955","Game_List_ID_3334","0.8173383506224344"
"jpntop_994","Game_List_ID_6483","0.7400457617794144"
"jpntop_302","Game_List_ID_393","0.9994593233263505"
"jpntop_974","Game_List_ID_935","0.9985711267280283"
"jpntop_424","Game_List_ID_856","0.9994593233263505"
"jpntop_834","Game_List_ID_8496","0.9137505034804287"
"jpntop_908","Game_List_ID_7930","0.9988792283405649"
"jpntop_143","Game_List_ID_13735","0.9962293498549575"
"jpntop_760","Game_List_ID_8174","0.7750167392769988"
"jpntop_487","Game_List_ID_35","0.8218886959928117"
"jpntop_199","Game_List_ID_1617","0.9994593233263505"
"jpntop_738","Game_List_ID_7491","0.7712271799395348"
"jpntop_423","Game_List_ID_8235","0.9900877376816143"
"jpntop_874","Game_List_ID_2019","0.9985711267280283"
"jpntop_609","Game_List_ID_5620","0.8826276204005409"
"jpntop_464","Game_List_ID_2220","0.7712271799395348"
"jpntop_449","Game_List_ID_8010","0.896270188748495"
"jpntop_98","Game_List_ID_297","0.9116783304007255"
"jpntop_383","Game_List_ID_5065","0.9994593233263505"
"jpntop_317","Game_List_ID_3737","0.9052563889122593"
"jpntop_353","Game_List_ID_6097","0.9985711267280283"
"jpntop_344","Game_List_ID_3354","0.9994593233263505"
"jpntop_699","Game_List_ID_2373","0.9962293498549575"
"jpntop_59","Game_List_ID_88","0.9994593233263505"
"jpntop_607","Game_List_ID_3304","0.9985711267280283"
"jpntop_335","Game_List_ID_1357","0.9994593233263505"
"jpntop_852","Game_List_ID_3173","0.733081205449509"
"jpntop_518","Game_List_ID_40","0.9949255040782282"
"jpntop_401","Game_List_ID_1716","0.9994593233263505"
"jpntop_989","Game_List_ID_7705","0.8320682312821784"
"jpntop_285","Game_List_ID_2183","0.7674748752770968"
"jpntop_627","Game_List_ID_6055","0.9994593233263505"
"jpntop_922","Game_List_ID_8062","0.9985711267280283"
"jpntop_559","Game_List_ID_5556","0.9043860108292818"
"jpntop_660","Game_List_ID_2494","0.9994593233263505"
"jpntop_727","Game_List_ID_297","0.7707317951259127"
"jpntop_360","Game_List_ID_7414","0.766868931145043"
"jpntop_139","Game_List_ID_2416","0.9994593233263505"
"jpntop_966","Game_List_ID_7722","0.7969982884097327"
"jpntop_614","Game_List_ID_2117","0.9994593233263505"
"jpntop_883","Game_List_ID_4285","0.9985711267280283"
"jpntop_124","Game_List_ID_484","0.8864385772514952"
"jpntop_68","Game_List_ID_1253","0.9563651135572673"
"jpntop_869","Game_List_ID_4763","0.8651168660949211"
"jpntop_664","Game_List_ID_6552","0.9985711267280283"
"jpntop_967","Game_List_ID_35","0.8480028462221338"
"jpntop_270","Game_List_ID_2596","0.9994593233263505"
"jpntop_570","Game_List_ID_2266","0.9994593233263505"
"jpntop_620","Game_List_ID_6509","0.9994593233263505"
"jpntop_477","Game_List_ID_10452","0.8286781287955166"
"jpntop_89","Game_List_ID_500","0.9985711267280283"
"jpntop_945","Game_List_ID_4448","0.9900877376816143"
"jpntop_646","Game_List_ID_1432","0.9962293498549575"
"jpntop_875","Game_List_ID_3157","0.9994593233263505"
"jpntop_403","Game_List_ID_6003","0.7580218104114824"
"jpntop_713","Game_List_ID_9798","0.9985711267280283"
"jpntop_408","Game_List_ID_4183","0.9994593233263505"
"jpntop_115","Game_List_ID_99","0.7103453109553307"
"jpntop_667","Game_List_ID_6895","0.9683720064654645"
"jpntop_131","Game_List_ID_599","0.812846153261644"
"jpntop_673","Game_List_ID_6079","0.9900877376816143"
"jpntop_387","Game_List_ID_3341","0.8908200835645887"
"jpntop_403","Game_List_ID_1041","0.8923116138377308"
"jpntop_918","Game_List_ID_3061","0.9701297329806998"
"jpntop_542","Game_List_ID_3331","0.9994593233263505"
"jpntop_897","Game_List_ID_105","0.9688411553690044"
"jpntop_280","Game_List_ID_7580","0.7260282748654995"
"jpntop_166","Game_List_ID_854","0.8637910647391162"
"jpntop_754","Game_List_ID_3327","0.9994593233263505"
"jpntop_270","Game_List_ID_10006","0.9866885722069719"
"jpntop_420","Game_List_ID_10149","0.9701760893840877"
"jpntop_359","Game_List_ID_971","0.9087408058578909"
"jpntop_157","Game_List_ID_1644","0.9655444633329184"
"jpntop_403","Game_List_ID_31","0.9563651135572673"
"jpntop_604","Game_List_ID_5939","0.9682410399902353"
"jpntop_686","Game_List_ID_3898","0.9994593233263505"
"jpntop_490","Game_List_ID_4379","0.9994593233263505"
"jpntop_498","Game_List_ID_8964","0.7519416961693802"
"jpntop_721","Game_List_ID_11834","0.9985711267280283"
"jpntop_892","Game_List_ID_3759","0.7712271799395348"
"jpntop_846","Game_List_ID_7826","0.7530554111340161"
"jpntop_828","Game_List_ID_2419","0.9985711267280283"
"jpntop_785","Game_List_ID_351","0.9900877376816143"
"jpntop_673","Game_List_ID_16754","0.9962293498549575"
"jpntop_840","Game_List_ID_393","0.9985711267280283"
"jpntop_561","Game_List_ID_6124","0.9994593233263505"
"jpntop_691","Game_List_ID_1792","0.9994593233263505"
"jpntop_730","Game_List_ID_3383","0.8149779842643662"
"jpntop_662","Game_List_ID_104","0.9900877376816143"
"jpntop_412","Game_List_ID_3841","0.9994593233263505"
"jpntop_55","Game_List_ID_583","0.7103453109553307"
"jpntop_98","Game_List_ID_322","0.8864385772514952"
"jpntop_35","Game_List_ID_313","0.9994593233263505"
"jpntop_202","Game_List_ID_816","0.9994593233263505"
"jpntop_106","Game_List_ID_51","0.7103453109553307"
"jpntop_346","Game_List_ID_5525","0.8717817077756893"
"jpntop_610","Game_List_ID_4165","0.9683720064654645"
"jpntop_70","Game_List_ID_83","0.9994593233263505"
"jpntop_642","Game_List_ID_5015","0.7332704543872508"
"jpntop_332","Game_List_ID_12097","0.9866885722069719"
"jpntop_879","Game_List_ID_7699","0.9994593233263505"
"jpntop_827","Game_List_ID_597","0.9681038201393366"
"jpntop_107","Game_List_ID_12081","0.9900877376816143"
"jpntop_309","Game_List_ID_6866","0.9900877376816143"
"jpntop_955","Game_List_ID_3947","0.9994593233263505"
"jpntop_911","Game_List_ID_7098","0.808649815108192"
"jpntop_243","Game_List_ID_504","0.9161299902625695"
"jpntop_623","Game_List_ID_2366","0.9985711267280283"
"jpntop_744","Game_List_ID_4493","0.7302684998969353"
"jpntop_306","Game_List_ID_667","0.9704606006547739"
"jpntop_71","Game_List_ID_113","0.9985711267280283"
"jpntop_846","Game_List_ID_8841","0.8897003478958496"
"jpntop_996","Game_List_ID_7615","0.9994593233263505"
"jpntop_244","Game_List_ID_111","0.9994593233263505"
"jpntop_627","Game_List_ID_2827","0.8697296813985077"
"jpntop_173","Game_List_ID_4556","0.856721635079564"
"jpntop_523","Game_List_ID_11263","0.9994593233263505"
"jpntop_785","Game_List_ID_1081","0.9985711267280283"
"jpntop_881","Game_List_ID_364","0.9900877376816143"
"jpntop_397","Game_List_ID_3835","0.9866885722069719"
"jpntop_96","Game_List_ID_2134","0.7790523786794427"
"jpntop_855","Game_List_ID_38","0.9994593233263505"
"jpntop_916","Game_List_ID_3537","0.9994593233263505"
"jpntop_235","Game_List_ID_4078","0.9994593233263505"
"jpntop_593","Game_List_ID_6417","0.9994593233263505"
"jpntop_555","Game_List_ID_3980","0.9985711267280283"
"jpntop_953","Game_List_ID_3383","0.8937852907264461"
"jpntop_158","Game_List_ID_2557","0.9994593233263505"
"jpntop_355","Game_List_ID_741","0.9137505034804287"
"jpntop_964","Game_List_ID_6148","0.9739704435954581"
"jpntop_953","Game_List_ID_3391","0.7607050442034023"
"jpntop_2","Game_List_ID_7","0.9985711267280283"
"jpntop_559","Game_List_ID_6086","0.9994593233263505"
"jpntop_615","Game_List_ID_3780","0.9994593233263505"
"jpntop_183","Game_List_ID_220","0.7265704690826605"
"jpntop_25","Game_List_ID_46","0.9360083792343873"
"jpntop_355","Game_List_ID_14743","0.9655444633329184"
"jpntop_246","Game_List_ID_868","0.9216004377868171"
"jpntop_9","Game_List_ID_1467","0.7265704690826605"
"jpntop_824","Game_List_ID_12251","0.8505246932444471"
"jpntop_330","Game_List_ID_4632","0.9288483404398544"
"jpntop_269","Game_List_ID_2235","0.9585434630375074"
"jpntop_40","Game_List_ID_82","0.9994593233263505"
"jpntop_411","Game_List_ID_5085","0.9673061887110322"
"jpntop_367","Game_List_ID_1534","0.8861933613120236"
"jpntop_767","Game_List_ID_355","0.9866885722069719"
"jpntop_220","Game_List_ID_3023","0.9294747047574325"
"jpntop_205","Game_List_ID_3281","0.9194940865110273"
"jpntop_544","Game_List_ID_3574","0.9985711267280283"
"jpntop_247","Game_List_ID_3092","0.9701297329806998"
"jpntop_80","Game_List_ID_1151","0.9985711267280283"
"jpntop_330","Game_List_ID_3913","0.7853038767028659"
"jpntop_945","Game_List_ID_9122","0.9137505034804287"
"jpntop_886","Game_List_ID_1793","0.9994593233263505"
"jpntop_541","Game_List_ID_6297","0.9866885722069719"
"jpntop_665","Game_List_ID_297","0.7164962988979269"
"jpntop_100","Game_List_ID_550","0.7763326639455435"
"jpntop_53","Game_List_ID_455","0.9985711267280283"
"jpntop_798","Game_List_ID_1719","0.9701760893840877"
"jpntop_109","Game_List_ID_809","0.9985711267280283"
"jpntop_381","Game_List_ID_7199","0.7662833976164304"
"jpntop_143","Game_List_ID_10575","0.9866885722069719"
"jpntop_303","Game_List_ID_1035","0.9636770401226691"
"jpntop_631","Game_List_ID_4975","0.9994593233263505"
"jpntop_701","Game_List_ID_6660","0.9739704435954581"
"jpntop_280","Game_List_ID_4632","0.7853038767028659"
"jpntop_62","Game_List_ID_1125","0.8262235441850956"
"jpntop_609","Game_List_ID_3341","0.9994593233263505"
"jpntop_109","Game_List_ID_1395","0.9866885722069719"
"jpntop_482","Game_List_ID_11415","0.9962293498549575"
"jpntop_297","Game_List_ID_2637","0.9180779318528187"
"jpntop_322","Game_List_ID_1194","0.9985711267280283"
"jpntop_845","Game_List_ID_9684","0.7176863950867013"
"jpntop_503","Game_List_ID_1115","0.749374033424867"
"jpntop_707","Game_List_ID_8982","0.9093395258122103"
"jpntop_965","Game_List_ID_2993","0.9985711267280283"
"jpntop_143","Game_List_ID_12977","0.9137505034804287"
"jpntop_695","Game_List_ID_12664","0.8826276204005409"
"jpntop_444","Game_List_ID_1715","0.8216527497835545"
"jpntop_700","Game_List_ID_6556","0.9994593233263505"
"jpntop_757","Game_List_ID_1588","0.9866885722069719"
"jpntop_906","Game_List_ID_11340","0.9198377047237745"
"jpntop_511","Game_List_ID_4035","0.9994593233263505"
"jpntop_280","Game_List_ID_3913","0.9288483404398544"
"jpntop_696","Game_List_ID_13725","0.8549797896218498"
"jpntop_596","Game_List_ID_11058","0.8286781287955166"
"jpntop_265","Game_List_ID_1417","0.9985711267280283"
"jpntop_216","Game_List_ID_3028","0.9994593233263505"
"jpntop_606","Game_List_ID_5818","0.9701297329806998"
"jpntop_845","Game_List_ID_7532","0.9317960158630874"
"jpntop_514","Game_List_ID_5913","0.9695778152339412"
"jpntop_302","Game_List_ID_11529","0.9962293498549575"
"jpntop_385","Game_List_ID_1716","0.8596770519704545"
"jpntop_318","Game_List_ID_796","0.9994593233263505"
"jpntop_102","Game_List_ID_235","0.9688411553690044"
"jpntop_495","Game_List_ID_4355","0.9711816358302262"
"jpntop_459","Game_List_ID_1549","0.9994593233263505"
"jpntop_630","Game_List_ID_16605","0.7452945031432876"
"jpntop_523","Game_List_ID_8003","0.7473397182784312"
"jpntop_580","Game_List_ID_623","0.9994593233263505"
"jpntop_546","Game_List_ID_4440","0.9148515404890242"
"jpntop_263","Game_List_ID_1115","0.9994593233263505"
"jpntop_222","Game_List_ID_7225","0.7819333535334727"
"jpntop_596","Game_List_ID_6884","0.7853038767028659"
"jpntop_707","Game_List_ID_6540","0.9636770401226691"
"jpntop_527","Game_List_ID_7703","0.9701760893840877"
"jpntop_881","Game_List_ID_7244","0.9962293498549575"
"jpntop_612","Game_List_ID_312","0.7235012922679871"
"jpntop_912","Game_List_ID_132","0.9994593233263505"
"jpntop_101","Game_List_ID_1151","0.9655444633329184"
"jpntop_302","Game_List_ID_3117","0.9985711267280283"
"jpntop_238","Game_List_ID_90","0.9994593233263505"
"jpntop_523","Game_List_ID_5563","0.9202276534603098"
"jpntop_261","Game_List_ID_1115","0.7588557082856323"
"jpntop_850","Game_List_ID_3640","0.9994593233263505"
"jpntop_842","Game_List_ID_6256","0.9985711267280283"
"jpntop_693","Game_List_ID_3128","0.9994593233263505"
"jpntop_938","Game_List_ID_7737","0.7969982884097327"
"jpntop_258","Game_List_ID_138","0.9985711267280283"
"jpntop_928","Game_List_ID_2784","0.8480028462221338"
"jpntop_751","Game_List_ID_9798","0.9985711267280283"
"jpntop_644","Game_List_ID_6321","0.9994593233263505"
"jpntop_902","Game_List_ID_4060","0.9900877376816143"
"jpntop_411","Game_List_ID_9814","0.7612017226504206"
"jpntop_579","Game_List_ID_5478","0.7781659404574358"
"jpntop_972","Game_List_ID_9690","0.7297466386769017"
"jpntop_641","Game_List_ID_3383","0.9994593233263505"
"jpntop_905","Game_List_ID_7162","0.9994593233263505"
"jpntop_825","Game_List_ID_7162","0.7815917004429875"
"jpntop_674","Game_List_ID_6176","0.7561303036784022"
"jpntop_621","Game_List_ID_6100","0.9714150228751469"
"jpntop_341","Game_List_ID_1115","0.9017773126106879"
"jpntop_795","Game_List_ID_6587","0.9994593233263505"
"jpntop_328","Game_List_ID_3968","0.9062148577022443"
"jpntop_599","Game_List_ID_3092","0.7265704690826605"
"jpntop_143","Game_List_ID_457","0.9994593233263505"
"jpntop_62","Game_List_ID_1195","0.9655444633329184"
"jpntop_639","Game_List_ID_6319","0.941570873579932"
"jpntop_23","Game_List_ID_2416","0.9137505034804287"
"jpntop_315","Game_List_ID_1175","0.9994593233263505"
"jpntop_685","Game_List_ID_1102","0.9988792283405649"
"jpntop_893","Game_List_ID_2647","0.9339764157566515"
"jpntop_673","Game_List_ID_9145","0.9900877376816143"
"jpntop_583","Game_List_ID_559","0.7735957681602702"
"jpntop_224","Game_List_ID_3078","0.9994593233263505"
"jpntop_723","Game_List_ID_6097","0.9994593233263505"
"jpntop_260","Game_List_ID_3872","0.9027958372815321"
"jpntop_624","Game_List_ID_4165","0.7255474557058719"
"jpntop_368","Game_List_ID_4211","0.9994593233263505"
"jpntop_820","Game_List_ID_10508","0.9994593233263505"
"jpntop_342","Game_List_ID_4078","0.7074989821068991"
"jpntop_405","Game_List_ID_3052","0.9201654457800315"
"jpntop_458","Game_List_ID_5251","0.8917983095675367"
"jpntop_516","Game_List_ID_4089","0.971048206896699"
"jpntop_429","Game_List_ID_2114","0.9994593233263505"
"jpntop_149","Game_List_ID_824","0.9994593233263505"
"jpntop_142","Game_List_ID_2818","0.9900877376816143"
"jpntop_638","Game_List_ID_3108","0.9994593233263505"
"jpntop_53","Game_List_ID_2369","0.9900877376816143"
"jpntop_146","Game_List_ID_1118","0.9636770401226691"
"jpntop_354","Game_List_ID_3799","0.9985711267280283"
"jpntop_458","Game_List_ID_4486","0.9994593233263505"
"jpntop_997","Game_List_ID_8345","0.9662589129884349"
"jpntop_476","Game_List_ID_1789","0.9994593233263505"
"jpntop_38","Game_List_ID_96","0.9345874080276694"
"jpntop_988","Game_List_ID_7153","0.9142191937935944"
"jpntop_64","Game_List_ID_1057","0.9985711267280283"
"jpntop_787","Game_List_ID_11840","0.8420697900846815"
"jpntop_524","Game_List_ID_443","0.9985711267280283"
"jpntop_628","Game_List_ID_6461","0.9994593233263505"
"jpntop_109","Game_List_ID_10080","0.9137505034804287"
"jpntop_425","Game_List_ID_10246","0.9985711267280283"
"jpntop_579","Game_List_ID_4563","0.7561303036784022"
"jpntop_261","Game_List_ID_459","0.7265704690826605"
"jpntop_500","Game_List_ID_5368","0.9694141826977605"
"jpntop_839","Game_List_ID_6530","0.9994593233263505"
"jpntop_788","Game_List_ID_5942","0.9678087452567321"
"jpntop_990","Game_List_ID_2273","0.9994593233263505"
"jpntop_676","Game_List_ID_2740","0.9994593233263505"
"jpntop_63","Game_List_ID_1467","0.7265704690826605"
"jpntop_406","Game_List_ID_14761","0.7100646331032826"
"jpntop_834","Game_List_ID_207","0.9137505034804287"
"jpntop_991","Game_List_ID_5177","0.9739704435954581"
"jpntop_534","Game_List_ID_2919","0.9985711267280283"
"jpntop_393","Game_List_ID_3275","0.9994593233263505"
"jpntop_762","Game_List_ID_6148","0.9956255279230414"
"jpntop_176","Game_List_ID_827","0.9563651135572673"
"jpntop_702","Game_List_ID_706","0.9697301229615184"
"jpntop_526","Game_List_ID_3530","0.7506626755813709"
"jpntop_813","Game_List_ID_5741","0.7059797215429565"
"jpntop_162","Game_List_ID_330","0.9252367223369514"
"jpntop_151","Game_List_ID_1588","0.7790523786794427"
"jpntop_784","Game_List_ID_43","0.7995006622938521"
"jpntop_869","Game_List_ID_6531","0.9994593233263505"
"jpntop_884","Game_List_ID_3519","0.9137505034804287"
"jpntop_934","Game_List_ID_7310","0.9994593233263505"
"jpntop_696","Game_List_ID_2156","0.7162349560219402"
"jpntop_619","Game_List_ID_3533","0.9994593233263505"
"jpntop_727","Game_List_ID_4355","0.8710841453913302"
"jpntop_309","Game_List_ID_2298","0.9994593233263505"
"jpntop_562","Game_List_ID_6035","0.778686144647873"
"jpntop_196","Game_List_ID_1321","0.9994593233263505"
"jpntop_413","Game_List_ID_90","0.9701760893840877"
"jpntop_451","Game_List_ID_3544","0.9994593233263505"
"jpntop_596","Game_List_ID_5737","0.9288483404398544"
"jpntop_194","Game_List_ID_652","0.7645639072388692"
"jpntop_367","Game_List_ID_5799","0.9182422699553807"
"jpntop_420","Game_List_ID_2131","0.9655444633329184"
"jpntop_557","Game_List_ID_1209","0.9994593233263505"
"jpntop_635","Game_List_ID_4035","0.8315178165413568"
"jpntop_332","Game_List_ID_3425","0.9994593233263505"
"jpntop_16","Game_List_ID_251","0.9985711267280283"
"jpntop_975","Game_List_ID_5269","0.9994593233263505"
"jpntop_137","Game_List_ID_297","0.9994593233263505"
"jpntop_610","Game_List_ID_4035","0.8937852907264461"
"jpntop_626","Game_List_ID_39","0.8450944052431801"
"jpntop_324","Game_List_ID_4630","0.9739704435954581"
"jpntop_237","Game_List_ID_134","0.9994593233263505"
"jpntop_522","Game_List_ID_5590","0.8188799287800481"
"jpntop_562","Game_List_ID_11099","0.8385204252827546"
"jpntop_891","Game_List_ID_4193","0.9994593233263505"
"jpntop_391","Game_List_ID_6015","0.9985711267280283"
"jpntop_856","Game_List_ID_5795","0.9166649974864729"
"jpntop_120","Game_List_ID_1618","0.9701760893840877"
"jpntop_159","Game_List_ID_5447","0.9739704435954581"
"jpntop_339","Game_List_ID_10073","0.8286781287955166"
"jpntop_711","Game_List_ID_5974","0.9137505034804287"
"jpntop_657","Game_List_ID_8928","0.9900877376816143"
"jpntop_829","Game_List_ID_6439","0.9328348692192193"
"jpntop_604","Game_List_ID_4805","0.7315834192667457"
"jpntop_266","Game_List_ID_7113","0.8063373766423833"
"jpntop_164","Game_List_ID_3857","0.7005361704276073"
"jpntop_759","Game_List_ID_6514","0.7048351655146256"
"jpntop_423","Game_List_ID_3724","0.9994593233263505"
"jpntop_412","Game_List_ID_10006","0.7296248119056201"
"jpntop_268","Game_List_ID_1843","0.9994593233263505"
"jpntop_937","Game_List_ID_5156","0.9994593233263505"
"jpntop_459","Game_List_ID_3264","0.9956255279230414"
"jpntop_898","Game_List_ID_1590","0.9988792283405649"
"jpntop_901","Game_List_ID_1184","0.9137505034804287"
"jpntop_297","Game_List_ID_4022","0.9673660239161165"
"jpntop_347","Game_List_ID_9759","0.9985711267280283"
"jpntop_150","Game_List_ID_6576","0.7378064512362689"
"jpntop_783","Game_List_ID_7480","0.9655543911553002"
"jpntop_227","Game_List_ID_3411","0.9994593233263505"
"jpntop_542","Game_List_ID_4868","0.9900877376816143"
"jpntop_63","Game_List_ID_3968","0.9866885722069719"
"jpntop_722","Game_List_ID_8475","0.7969982884097327"
"jpntop_525","Game_List_ID_3090","0.9994593233263505"
"jpntop_345","Game_List_ID_4347","0.9994593233263505"
"jpntop_933","Game_List_ID_8003","0.9994593233263505"
"jpntop_117","Game_List_ID_404","0.9994593233263505"
"jpntop_868","Game_List_ID_1364","0.9557229213426139"
"jpntop_72","Game_List_ID_998","0.9985711267280283"
"jpntop_933","Game_List_ID_13908","0.9701760893840877"
"jpntop_347","Game_List_ID_6576","0.7696825559597397"
"jpntop_942","Game_List_ID_3396","0.9985711267280283"
"jpntop_853","Game_List_ID_8091","0.9994593233263505"
"jpntop_953","Game_List_ID_3167","0.9994593233263505"
"jpntop_609","Game_List_ID_4486","0.7265704690826605"
"jpntop_765","Game_List_ID_5717","0.9985711267280283"
"jpntop_682","Game_List_ID_955","0.9129233814275791"
"jpntop_348","Game_List_ID_18","0.8576891664450658"
"jpntop_349","Game_List_ID_6758","0.9956255279230414"
"jpntop_581","Game_List_ID_6494","0.7522420581506288"
"jpntop_150","Game_List_ID_9759","0.7656201840439141"
"jpntop_603","Game_List_ID_1828","0.9994593233263505"
"jpntop_477","Game_List_ID_5308","0.9288483404398544"
"jpntop_9","Game_List_ID_220","0.9994593233263505"
"jpntop_517","Game_List_ID_2575","0.9994593233263505"
"jpntop_419","Game_List_ID_5217","0.9985711267280283"
"jpntop_425","Game_List_ID_4531","0.9994593233263505"
"jpntop_183","Game_List_ID_1467","0.9994593233263505"
"jpntop_914","Game_List_ID_120","0.9695778152339412"
"jpntop_385","Game_List_ID_2951","0.9994593233263505"
"jpntop_650","Game_List_ID_151","0.9994593233263505"
"jpntop_368","Game_List_ID_12664","0.7070518422126855"
"jpntop_924","Game_List_ID_4059","0.9994593233263505"
"jpntop_809","Game_List_ID_14065","0.9900877376816143"
"jpntop_628","Game_List_ID_10889","0.9985711267280283"
"jpntop_292","Game_List_ID_8190","0.7448251916418374"
"jpntop_909","Game_List_ID_8218","0.9985711267280283"
"jpntop_180","Game_List_ID_569","0.9985711267280283"
"jpntop_346","Game_List_ID_4763","0.9994593233263505"
"jpntop_360","Game_List_ID_2000","0.9985711267280283"
"jpntop_936","Game_List_ID_4704","0.8283143031183229"
"jpntop_846","Game_List_ID_7153","0.9657422510533026"
"jpntop_496","Game_List_ID_1459","0.9900877376816143"
"jpntop_888","Game_List_ID_5537","0.9900877376816143"
"jpntop_336","Game_List_ID_4178","0.9226474225800556"
"jpntop_935","Game_List_ID_4034","0.9985711267280283"
"jpntop_713","Game_List_ID_7913","0.9994593233263505"
"jpntop_343","Game_List_ID_1943","0.9994593233263505"
"jpntop_791","Game_List_ID_4287","0.812846153261644"
"jpntop_171","Game_List_ID_1127","0.9994593233263505"
"jpntop_124","Game_List_ID_6831","0.9116783304007255"
"jpntop_160","Game_List_ID_830","0.9994593233263505"
"jpntop_482","Game_List_ID_3264","0.896270188748495"
"jpntop_135","Game_List_ID_1402","0.9994593233263505"
"jpntop_787","Game_List_ID_6521","0.9328348692192193"
"jpntop_357","Game_List_ID_875","0.9994593233263505"
"jpntop_324","Game_List_ID_12563","0.7315726920296058"
"jpntop_856","Game_List_ID_13319","0.7637948568740095"
"jpntop_460","Game_List_ID_7738","0.9985711267280283"
"jpntop_339","Game_List_ID_5308","0.7853038767028659"
"jpntop_866","Game_List_ID_2795","0.9988792283405649"
"jpntop_666","Game_List_ID_5027","0.9985711267280283"
"jpntop_661","Game_List_ID_53","0.9900877376816143"
"jpntop_740","Game_List_ID_2995","0.9994593233263505"
"jpntop_573","Game_List_ID_71","0.7712271799395348"
"jpntop_387","Game_List_ID_5620","0.7391528987451307"
"jpntop_734","Game_List_ID_2346","0.9994593233263505"
"jpntop_482","Game_List_ID_4453","0.9900877376816143"
"jpntop_284","Game_List_ID_2102","0.9985711267280283"
"jpntop_972","Game_List_ID_4721","0.9095162752480574"
"jpntop_876","Game_List_ID_7378","0.7601566041873142"
"jpntop_195","Game_List_ID_1666","0.9985711267280283"
"jpntop_588","Game_List_ID_2134","0.8012091873066657"
"jpntop_829","Game_List_ID_9798","0.7750167392769988"
"jpntop_396","Game_List_ID_6319","0.8231063301664469"
"jpntop_673","Game_List_ID_3427","0.9994593233263505"
"jpntop_157","Game_List_ID_24","0.9900877376816143"
"jpntop_692","Game_List_ID_1240","0.9994593233263505"
"jpntop_840","Game_List_ID_11529","0.9962293498549575"
"jpntop_721","Game_List_ID_11571","0.9956255279230414"
"jpntop_979","Game_List_ID_3503","0.896270188748495"
"jpntop_659","Game_List_ID_3212","0.9994593233263505"
"jpntop_458","Game_List_ID_3341","0.7265704690826605"
"jpntop_349","Game_List_ID_5926","0.9900877376816143"
"jpntop_111","Game_List_ID_191","0.9985711267280283"
"jpntop_588","Game_List_ID_5042","0.9985711267280283"
"jpntop_221","Game_List_ID_9328","0.7419555776599338"
"jpntop_430","Game_List_ID_309","0.9994593233263505"
"jpntop_331","Game_List_ID_8190","0.861615815565156"
"jpntop_502","Game_List_ID_951","0.9994593233263505"
"jpntop_834","Game_List_ID_9682","0.9137505034804287"
"jpntop_840","Game_List_ID_3117","0.9994593233263505"
"jpntop_647","Game_List_ID_3484","0.9476254500432931"
"jpntop_661","Game_List_ID_2386","0.9962293498549575"
"jpntop_420","Game_List_ID_18","0.9949255040782282"
"jpntop_299","Game_List_ID_1556","0.9994593233263505"
"jpntop_242","Game_List_ID_652","0.9616169101554627"
"jpntop_499","Game_List_ID_3358","0.9994593233263505"
"jpntop_128","Game_List_ID_733","0.9994593233263505"
"jpntop_428","Game_List_ID_2480","0.9994593233263505"
"jpntop_105","Game_List_ID_15413","0.9137505034804287"
"jpntop_530","Game_List_ID_5888","0.812846153261644"
"jpntop_157","Game_List_ID_157","0.9701760893840877"
"jpntop_113","Game_List_ID_49","0.9994593233263505"
"jpntop_194","Game_List_ID_2601","0.7196834551612593"
"jpntop_695","Game_List_ID_4211","0.8462593624140509"
"jpntop_556","Game_List_ID_319","0.9994593233263505"
"jpntop_646","Game_List_ID_354","0.9985711267280283"
"jpntop_472","Game_List_ID_6176","0.7781659404574358"
"jpntop_292","Game_List_ID_4061","0.953488359062361"
"jpntop_762","Game_List_ID_9216","0.7696825559597397"
"jpntop_152","Game_List_ID_114","0.9985711267280283"
"jpntop_137","Game_List_ID_9328","0.7643183362724475"
"jpntop_635","Game_List_ID_5453","0.9288483404398544"
"jpntop_119","Game_List_ID_129","0.9994593233263505"
"jpntop_536","Game_List_ID_11468","0.7817714653916719"
"jpntop_931","Game_List_ID_8802","0.7660050251043619"
"jpntop_878","Game_List_ID_11018","0.8126169473047512"
"jpntop_579","Game_List_ID_6176","0.9994593233263505"
"jpntop_610","Game_List_ID_3724","0.7326577825211424"
"jpntop_376","Game_List_ID_723","0.9985711267280283"
"jpntop_758","Game_List_ID_7168","0.9994593233263505"
"jpntop_377","Game_List_ID_2793","0.9667148087768064"
"jpntop_178","Game_List_ID_938","0.9994593233263505"
"jpntop_492","Game_List_ID_4048","0.9985711267280283"
"jpntop_761","Game_List_ID_12422","0.9994593233263505"
"jpntop_786","Game_List_ID_7425","0.9994593233263505"
"jpntop_361","Game_List_ID_9866","0.9985711267280283"
"jpntop_304","Game_List_ID_4224","0.7712271799395348"
"jpntop_155","Game_List_ID_3646","0.7507736489722656"
"jpntop_576","Game_List_ID_1714","0.9702467322959392"
"jpntop_446","Game_List_ID_5430","0.9252367223369514"
"jpntop_646","Game_List_ID_379","0.9994593233263505"
"jpntop_674","Game_List_ID_5478","0.7561303036784022"
"jpntop_838","Game_List_ID_5352","0.9265704442046709"
"jpntop_115","Game_List_ID_51","0.9994593233263505"
"jpntop_310","Game_List_ID_1689","0.9985711267280283"
"jpntop_631","Game_List_ID_12361","0.9701760893840877"
"jpntop_91","Game_List_ID_886","0.9985711267280283"
"jpntop_739","Game_List_ID_6863","0.9994593233263505"
"jpntop_463","Game_List_ID_1734","0.9994593233263505"
"jpntop_330","Game_List_ID_4312","0.7853038767028659"
"jpntop_29","Game_List_ID_8","0.9994593233263505"
"jpntop_274","Game_List_ID_1462","0.9985711267280283"
"jpntop_423","Game_List_ID_4035","0.7673298399755908"
"jpntop_87","Game_List_ID_29","0.9994593233263505"
"jpntop_584","Game_List_ID_6154","0.9994593233263505"
"jpntop_74","Game_List_ID_798","0.9985711267280283"
"jpntop_139","Game_List_ID_189","0.9137505034804287"
"jpntop_489","Game_List_ID_3044","0.9985711267280283"
"jpntop_748","Game_List_ID_6954","0.9994593233263505"
"jpntop_364","Game_List_ID_3558","0.9690474976427311"
"jpntop_141","Game_List_ID_720","0.9694141826977605"
"jpntop_378","Game_List_ID_2188","0.9994593233263505"
"jpntop_235","Game_List_ID_4477","0.7149748532429714"
"jpntop_657","Game_List_ID_5286","0.9994593233263505"
"jpntop_179","Game_List_ID_414","0.9985711267280283"
"jpntop_104","Game_List_ID_504","0.8864385772514952"
"jpntop_435","Game_List_ID_8190","0.7627940844210906"
"jpntop_964","Game_List_ID_6616","0.8697296813985077"
"jpntop_241","Game_List_ID_11706","0.9900877376816143"
"jpntop_253","Game_List_ID_3882","0.9985711267280283"
"jpntop_609","Game_List_ID_3536","0.8908200835645887"
"jpntop_138","Game_List_ID_406","0.9701297329806998"
"jpntop_788","Game_List_ID_5982","0.9073320546256497"
"jpntop_433","Game_List_ID_5254","0.9027958372815321"
"jpntop_343","Game_List_ID_6360","0.9900877376816143"
"jpntop_631","Game_List_ID_6259","0.9701760893840877"
"jpntop_964","Game_List_ID_7014","0.8216527497835545"
"jpntop_856","Game_List_ID_7321","0.9994593233263505"
"jpntop_243","Game_List_ID_4211","0.7362727953310138"
"jpntop_459","Game_List_ID_8144","0.9962293498549575"
"jpntop_236","Game_List_ID_17352","0.9739704435954581"
"jpntop_699","Game_List_ID_39","0.7717080512327126"
"jpntop_811","Game_List_ID_3688","0.9220944649794923"
"jpntop_518","Game_List_ID_16271","0.9885117557057642"
"jpntop_73","Game_List_ID_442","0.9994593233263505"
"jpntop_993","Game_List_ID_8190","0.9994593233263505"
"jpntop_447","Game_List_ID_8639","0.7100646331032826"
"jpntop_855","Game_List_ID_1644","0.9885117557057642"
"jpntop_147","Game_List_ID_423","0.9985711267280283"
"jpntop_406","Game_List_ID_5032","0.9994593233263505"
"jpntop_500","Game_List_ID_5818","0.8717817077756893"
"jpntop_972","Game_List_ID_7218","0.9994593233263505"
"jpntop_155","Game_List_ID_271","0.9994593233263505"
"jpntop_790","Game_List_ID_3633","0.9994593233263505"
"jpntop_662","Game_List_ID_109","0.9994593233263505"
"jpntop_577","Game_List_ID_6141","0.9182422699553807"
"jpntop_966","Game_List_ID_7737","0.9328348692192193"
"jpntop_878","Game_List_ID_7113","0.9198133713164687"
"jpntop_457","Game_List_ID_1795","0.9994593233263505"
"jpntop_396","Game_List_ID_5741","0.941570873579932"
"jpntop_135","Game_List_ID_12993","0.9900877376816143"
"jpntop_463","Game_List_ID_2674","0.9900877376816143"
"jpntop_12","Game_List_ID_73","0.9994593233263505"
"jpntop_911","Game_List_ID_2721","0.8572834686923725"
"jpntop_164","Game_List_ID_146","0.9994593233263505"
"jpntop_157","Game_List_ID_38","0.9956255279230414"
"jpntop_596","Game_List_ID_5308","0.7853038767028659"
"jpntop_912","Game_List_ID_78","0.9900877376816143"
"jpntop_606","Game_List_ID_5368","0.8389994418391153"
"jpntop_65","Game_List_ID_242","0.9988792283405649"
"jpntop_938","Game_List_ID_6439","0.8400183830655727"
"jpntop_663","Game_List_ID_6506","0.9994593233263505"
"jpntop_130","Game_List_ID_1498","0.8963287025783497"
"jpntop_510","Game_List_ID_5684","0.9636770401226691"
"jpntop_261","Game_List_ID_4268","0.7100646331032826"
"jpntop_110","Game_List_ID_264","0.9994593233263505"
"jpntop_217","Game_List_ID_4355","0.9081288547871158"
"jpntop_632","Game_List_ID_4993","0.953488359062361"
"jpntop_263","Game_List_ID_4268","0.796682016575504"
"jpntop_119","Game_List_ID_915","0.9137505034804287"
"jpntop_160","Game_List_ID_8731","0.7549013035408773"
"jpntop_624","Game_List_ID_6247","0.9627397761448633"
"jpntop_535","Game_List_ID_2580","0.9713604136537706"
"jpntop_197","Game_List_ID_508","0.9994593233263505"
"jpntop_194","Game_List_ID_895","0.9983416865138329"
"jpntop_727","Game_List_ID_6831","0.7707317951259127"
"jpntop_674","Game_List_ID_4563","0.9994593233263505"
"jpntop_884","Game_List_ID_2295","0.9994593233263505"
"jpntop_721","Game_List_ID_7082","0.9994593233263505"
"jpntop_767","Game_List_ID_1016","0.9137505034804287"
"jpntop_104","Game_List_ID_9710","0.7162349560219402"
"jpntop_819","Game_List_ID_1679","0.9994593233263505"
"jpntop_142","Game_List_ID_177","0.7103453109553307"
"jpntop_849","Game_List_ID_3497","0.9985711267280283"
"jpntop_919","Game_List_ID_7855","0.9994593233263505"
"jpntop_917","Game_List_ID_7957","0.9204783822205691"
"jpntop_957","Game_List_ID_7636","0.8168462628190547"
"jpntop_797","Game_List_ID_601","0.9994593233263505"
"jpntop_106","Game_List_ID_99","0.9994593233263505"
"jpntop_210","Game_List_ID_613","0.7397833211098251"
"jpntop_812","Game_List_ID_4516","0.9985711267280283"
"jpntop_816","Game_List_ID_3736","0.9985711267280283"
"jpntop_766","Game_List_ID_7365","0.9900877376816143"
"jpntop_511","Game_List_ID_5453","0.9985711267280283"
"jpntop_61","Game_List_ID_125","0.9985711267280283"
"jpntop_723","Game_List_ID_12778","0.9900877376816143"
"jpntop_838","Game_List_ID_6035","0.778686144647873"
"jpntop_98","Game_List_ID_6831","0.9116783304007255"
"jpntop_787","Game_List_ID_7539","0.7969982884097327"
"jpntop_496","Game_List_ID_13816","0.9962293498549575"
"jpntop_642","Game_List_ID_4909","0.9994593233263505"
"jpntop_979","Game_List_ID_13420","0.7100646331032826"
"jpntop_513","Game_List_ID_2861","0.9165280350317583"
"jpntop_252","Game_List_ID_1012","0.7014514902581946"
"jpntop_441","Game_List_ID_4022","0.9180779318528187"
"jpntop_161","Game_List_ID_445","0.9994593233263505"
"jpntop_137","Game_List_ID_4413","0.9900877376816143"
"jpntop_242","Game_List_ID_2967","0.9900877376816143"
"jpntop_298","Game_List_ID_3805","0.9246908014988198"
"jpntop_629","Game_List_ID_3009","0.9708223015585267"
"jpntop_475","Game_List_ID_1507","0.9994593233263505"
"jpntop_788","Game_List_ID_8999","0.8697296813985077"
"jpntop_988","Game_List_ID_7940","0.9657422510533026"
"jpntop_103","Game_List_ID_699","0.9165280350317583"
"jpntop_709","Game_List_ID_9223","0.9900877376816143"
"jpntop_561","Game_List_ID_3640","0.9956255279230414"
"jpntop_866","Game_List_ID_4302","0.9701760893840877"
"jpntop_117","Game_List_ID_4152","0.9900877376816143"
"jpntop_477","Game_List_ID_5737","0.7853038767028659"
"jpntop_767","Game_List_ID_84","0.9043724094307617"
"jpntop_737","Game_List_ID_2294","0.959444853012052"
"jpntop_308","Game_List_ID_1809","0.9994593233263505"
"jpntop_248","Game_List_ID_2326","0.9994593233263505"
"jpntop_120","Game_List_ID_420","0.9988792283405649"
"jpntop_442","Game_List_ID_4763","0.8717817077756893"
"jpntop_447","Game_List_ID_4639","0.7196834551612593"
"jpntop_421","Game_List_ID_2691","0.9739704435954581"
"jpntop_763","Game_List_ID_5556","0.7776047225361444"
"jpntop_496","Game_List_ID_1185","0.9994593233263505"
"jpntop_736","Game_List_ID_4223","0.9985711267280283"
"jpntop_326","Game_List_ID_873","0.9994593233263505"
"jpntop_711","Game_List_ID_7686","0.9985711267280283"
"jpntop_207","Game_List_ID_2084","0.9994593233263505"
"jpntop_16","Game_List_ID_1260","0.9137505034804287"
"jpntop_135","Game_List_ID_5373","0.7348028018553643"
"jpntop_700","Game_List_ID_6820","0.9985711267280283"
"jpntop_890","Game_List_ID_9544","0.9900877376816143"
"jpntop_965","Game_List_ID_7414","0.7397833211098251"
"jpntop_511","Game_List_ID_7802","0.9900877376816143"
"jpntop_133","Game_List_ID_203","0.9985711267280283"
"jpntop_361","Game_List_ID_5043","0.9994593233263505"
"jpntop_511","Game_List_ID_3724","0.7673298399755908"
"jpntop_39","Game_List_ID_16","0.9994593233263505"
"jpntop_8","Game_List_ID_9","0.9994593233263505"
"jpntop_788","Game_List_ID_6524","0.9994593233263505"
"jpntop_150","Game_List_ID_3093","0.896270188748495"
"jpntop_351","Game_List_ID_2093","0.9154448719624885"
"jpntop_174","Game_List_ID_940","0.9137505034804287"
"jpntop_472","Game_List_ID_4563","0.7561303036784022"
"jpntop_156","Game_List_ID_631","0.9985711267280283"
"jpntop_964","Game_List_ID_5639","0.7162349560219402"
"jpntop_639","Game_List_ID_5741","0.8231063301664469"
"jpntop_189","Game_List_ID_2404","0.8908200835645887"
"jpntop_178","Game_List_ID_11817","0.9701760893840877"
"jpntop_851","Game_List_ID_7362","0.9985711267280283"
"jpntop_83","Game_List_ID_234","0.9994593233263505"
"jpntop_792","Game_List_ID_2869","0.7819333535334727"
"jpntop_157","Game_List_ID_16891","0.9142271942512753"
"jpntop_459","Game_List_ID_7030","0.9701760893840877"
"jpntop_744","Game_List_ID_7558","0.7894307002299971"
"jpntop_481","Game_List_ID_618","0.9985711267280283"
"jpntop_234","Game_List_ID_3047","0.9281500139818636"
"jpntop_948","Game_List_ID_5290","0.9994593233263505"
"jpntop_313","Game_List_ID_825","0.9657422510533026"
"jpntop_148","Game_List_ID_957","0.967120025203922"
"jpntop_46","Game_List_ID_55","0.9994593233263505"
"jpntop_384","Game_List_ID_4805","0.959007519956432"
"jpntop_306","Game_List_ID_1748","0.8416573988126561"
"jpntop_264","Game_List_ID_3207","0.9994593233263505"
"jpntop_696","Game_List_ID_15544","0.7162349560219402"
"jpntop_235","Game_List_ID_7617","0.8262235441850956"
"jpntop_290","Game_List_ID_202","0.9994593233263505"
"jpntop_341","Game_List_ID_6132","0.9900877376816143"
"jpntop_923","Game_List_ID_286","0.9994593233263505"
"jpntop_45","Game_List_ID_150","0.9994593233263505"
"jpntop_269","Game_List_ID_4079","0.7103453109553307"
"jpntop_104","Game_List_ID_297","0.7707317951259127"
"jpntop_447","Game_List_ID_5324","0.9328348692192193"
"jpntop_668","Game_List_ID_6726","0.9994593233263505"
"jpntop_339","Game_List_ID_4632","0.7853038767028659"
"jpntop_243","Game_List_ID_6831","0.7024997271620838"
"jpntop_722","Game_List_ID_8381","0.8400183830655727"
"jpntop_9","Game_List_ID_605","0.7645639072388692"
"jpntop_839","Game_List_ID_7872","0.877794253967188"
"jpntop_836","Game_List_ID_6812","0.8400183830655727"
"jpntop_995","Game_List_ID_5680","0.9994593233263505"
"jpntop_369","Game_List_ID_4630","0.8139803544769981"
"jpntop_722","Game_List_ID_6499","0.9328348692192193"
"jpntop_142","Game_List_ID_583","0.9994593233263505"
"jpntop_956","Game_List_ID_3292","0.8016334781619807"
"jpntop_347","Game_List_ID_3093","0.9994593233263505"
"jpntop_121","Game_List_ID_191","0.7474310127746788"
"jpntop_641","Game_List_ID_1314","0.8149779842643662"
"jpntop_114","Game_List_ID_6831","0.7422165909168569"
"jpntop_813","Game_List_ID_5737","0.7853038767028659"
"jpntop_906","Game_List_ID_7830","0.9681038201393366"
"jpntop_677","Game_List_ID_3912","0.9994593233263505"
"jpntop_380","Game_List_ID_4654","0.9985711267280283"
"jpntop_453","Game_List_ID_328","0.9994593233263505"
"jpntop_695","Game_List_ID_1683","0.861615815565156"
"jpntop_648","Game_List_ID_3474","0.9994593233263505"
"jpntop_458","Game_List_ID_3536","0.9088538396004537"
"jpntop_193","Game_List_ID_710","0.9985711267280283"
"jpntop_283","Game_List_ID_1119","0.9985711267280283"
"jpntop_229","Game_List_ID_2404","0.9994593233263505"
"jpntop_157","Game_List_ID_17","0.9994593233263505"
"jpntop_214","Game_List_ID_2030","0.9994593233263505"
"jpntop_661","Game_List_ID_17","0.7549304036376949"
"jpntop_340","Game_List_ID_253","0.9988792283405649"
"jpntop_577","Game_List_ID_6756","0.7549013035408773"
"jpntop_107","Game_List_ID_1449","0.9994593233263505"
"jpntop_472","Game_List_ID_5478","0.9994593233263505"
"jpntop_562","Game_List_ID_3913","0.7507736489722656"
"jpntop_663","Game_List_ID_7559","0.7379282165948038"
"jpntop_761","Game_List_ID_12653","0.7522420581506288"
"jpntop_312","Game_List_ID_2459","0.9994593233263505"
"jpntop_594","Game_List_ID_1227","0.9655444633329184"
"jpntop_594","Game_List_ID_1884","0.9994593233263505"
"jpntop_393","Game_List_ID_11875","0.9866885722069719"
"jpntop_949","Game_List_ID_9530","0.9994593233263505"
"jpntop_574","Game_List_ID_5920","0.9994593233263505"
"jpntop_154","Game_List_ID_439","0.9994593233263505"
"jpntop_461","Game_List_ID_5961","0.9994593233263505"
"jpntop_704","Game_List_ID_6284","0.9285739069520405"
"jpntop_36","Game_List_ID_179","0.9985711267280283"
"jpntop_335","Game_List_ID_4110","0.9900877376816143"
"jpntop_242","Game_List_ID_895","0.8908200835645887"
"jpntop_393","Game_List_ID_10441","0.9956255279230414"
"jpntop_140","Game_List_ID_216","0.8572116884832601"
"jpntop_97","Game_List_ID_2225","0.9182422699553807"
"jpntop_594","Game_List_ID_2722","0.9956255279230414"
"jpntop_723","Game_List_ID_9635","0.9985711267280283"
"jpntop_203","Game_List_ID_1646","0.9994593233263505"
"jpntop_927","Game_List_ID_7484","0.9994593233263505"
"jpntop_247","Game_List_ID_5949","0.7242875766516663"
"jpntop_709","Game_List_ID_2070","0.9994593233263505"
"jpntop_966","Game_List_ID_8861","0.7969982884097327"
"jpntop_598","Game_List_ID_5877","0.9985711267280283"
"jpntop_846","Game_List_ID_7940","0.9142191937935944"
"jpntop_724","Game_List_ID_997","0.9988792283405649"
"jpntop_334","Game_List_ID_1538","0.9985711267280283"
"jpntop_441","Game_List_ID_2637","0.9673660239161165"
"jpntop_223","Game_List_ID_688","0.9994593233263505"
"jpntop_630","Game_List_ID_2632","0.9994593233263505"
"jpntop_418","Game_List_ID_421","0.9994593233263505"
"jpntop_813","Game_List_ID_6884","0.9288483404398544"
"jpntop_96","Game_List_ID_1588","0.9985711267280283"
"jpntop_282","Game_List_ID_2441","0.9994593233263505"
"jpntop_722","Game_List_ID_9798","0.7750167392769988"
"jpntop_485","Game_List_ID_2000","0.7903457568066236"
"jpntop_564","Game_List_ID_10917","0.9994593233263505"
"jpntop_239","Game_List_ID_840","0.9983416865138329"
"jpntop_257","Game_List_ID_1887","0.9994593233263505"
"jpntop_789","Game_List_ID_1364","0.732814272138846"
"jpntop_50","Game_List_ID_4","0.9994593233263505"
"jpntop_316","Game_List_ID_3765","0.7838406249313237"
"jpntop_394","Game_List_ID_427","0.9994593233263505"
"jpntop_821","Game_List_ID_391","0.9994593233263505"
"jpntop_713","Game_List_ID_8174","0.9985711267280283"
"jpntop_494","Game_List_ID_455","0.9137505034804287"
"jpntop_186","Game_List_ID_3097","0.7153297575795443"
"jpntop_95","Game_List_ID_61","0.8581424718834817"
"jpntop_463","Game_List_ID_13970","0.9962293498549575"
"jpntop_763","Game_List_ID_6086","0.7549304036376949"
"jpntop_678","Game_List_ID_3496","0.9994593233263505"
"jpntop_610","Game_List_ID_5453","0.7608406485004551"
"jpntop_170","Game_List_ID_772","0.9985711267280283"
