vga_games_json73,Game_List_ID_67,true
vga_games_json74,Game_List_ID_66,true
vga_games_json76,Game_List_ID_68,true
vga_games_json77,Game_List_ID_69,true
vga_games_json78,Game_List_ID_70,true
vga_games_json82,Game_List_ID_77,true
vga_games_json84,Game_List_ID_79,true
vga_games_json86,Game_List_ID_82,true
vga_games_json89,Game_List_ID_83,true
vga_games_json94,Game_List_ID_86,true
vga_games_json95,Game_List_ID_88,true
vga_games_json101,Game_List_ID_91,true
vga_games_json105,Game_List_ID_106,true
vga_games_json107,Game_List_ID_98,true
vga_games_json108,Game_List_ID_99,true
vga_games_json111,Game_List_ID_100,true
vga_games_json116,Game_List_ID_108,true
vga_games_json119,Game_List_ID_110,true
vga_games_json120,Game_List_ID_112,true
vga_games_json121,Game_List_ID_113,true
vga_games_json122,Game_List_ID_114,true
vga_games_json127,Game_List_ID_117,true
vga_games_json129,Game_List_ID_119,true
vga_games_json130,Game_List_ID_123,true
vga_games_json133,Game_List_ID_125,true
vga_games_json137,Game_List_ID_126,true
vga_games_json147,Game_List_ID_139,true
vga_games_json148,Game_List_ID_137,true
vga_games_json149,Game_List_ID_138,true
vga_games_json151,Game_List_ID_140,true
vga_games_json153,Game_List_ID_141,true
vga_games_json154,Game_List_ID_143,true
vga_games_json155,Game_List_ID_142,true
vga_games_json158,Game_List_ID_146,true
vga_games_json159,Game_List_ID_147,true
vga_games_json162,Game_List_ID_149,true
vga_games_json163,Game_List_ID_150,true
vga_games_json168,Game_List_ID_155,true
vga_games_json169,Game_List_ID_175,true
vga_games_json171,Game_List_ID_156,true
vga_games_json173,Game_List_ID_160,true
vga_games_json174,Game_List_ID_181,true
vga_games_json177,Game_List_ID_162,true
vga_games_json178,Game_List_ID_225,true
vga_games_json181,Game_List_ID_165,true
vga_games_json182,Game_List_ID_168,true
vga_games_json183,Game_List_ID_166,true
vga_games_json184,Game_List_ID_169,true
vga_games_json195,Game_List_ID_179,true
vga_games_json197,Game_List_ID_183,true
vga_games_json198,Game_List_ID_185,true
vga_games_json207,Game_List_ID_191,true
vga_games_json208,Game_List_ID_192,true
vga_games_json214,Game_List_ID_198,true
vga_games_json221,Game_List_ID_203,true
vga_games_json229,Game_List_ID_210,true
vga_games_json230,Game_List_ID_211,true
vga_games_json231,Game_List_ID_250,true
vga_games_json240,Game_List_ID_219,true
vga_games_json241,Game_List_ID_220,true
vga_games_json242,Game_List_ID_237,true
vga_games_json243,Game_List_ID_221,true
vga_games_json248,Game_List_ID_226,true
vga_games_json251,Game_List_ID_228,true
vga_games_json253,Game_List_ID_242,true
vga_games_json258,Game_List_ID_234,true
vga_games_json260,Game_List_ID_253,true
vga_games_json262,Game_List_ID_241,true
vga_games_json269,Game_List_ID_247,true
vga_games_json274,Game_List_ID_252,true
vga_games_json702,Game_List_ID_474,false
vga_games_json719,Game_List_ID_478,false
vga_games_json723,Game_List_ID_479,false
vga_games_json729,Game_List_ID_481,false
vga_games_json733,Game_List_ID_491,false
vga_games_json736,Game_List_ID_495,false
vga_games_json738,Game_List_ID_498,false
vga_games_json739,Game_List_ID_499,false
vga_games_json740,Game_List_ID_501,false
vga_games_json742,Game_List_ID_516,false
vga_games_json752,Game_List_ID_517,false
vga_games_json760,Game_List_ID_525,false
vga_games_json771,Game_List_ID_530,false
vga_games_json772,Game_List_ID_535,false
vga_games_json773,Game_List_ID_545,false
vga_games_json778,Game_List_ID_546,false
vga_games_json795,Game_List_ID_550,false
vga_games_json799,Game_List_ID_554,false
vga_games_json804,Game_List_ID_557,false
vga_games_json807,Game_List_ID_558,false
vga_games_json812,Game_List_ID_559,false
vga_games_json829,Game_List_ID_567,false
vga_games_json836,Game_List_ID_570,false
vga_games_json842,Game_List_ID_573,false
vga_games_json846,Game_List_ID_576,false
vga_games_json855,Game_List_ID_578,false
vga_games_json858,Game_List_ID_579,false
vga_games_json860,Game_List_ID_588,false
vga_games_json865,Game_List_ID_589,false
vga_games_json878,Game_List_ID_590,false
vga_games_json879,Game_List_ID_594,false
vga_games_json885,Game_List_ID_606,false
vga_games_json888,Game_List_ID_607,false
vga_games_json894,Game_List_ID_610,false
vga_games_json900,Game_List_ID_612,false
vga_games_json901,Game_List_ID_613,false
vga_games_json906,Game_List_ID_634,false
vga_games_json912,Game_List_ID_635,false
vga_games_json914,Game_List_ID_643,false
vga_games_json917,Game_List_ID_644,false
vga_games_json925,Game_List_ID_649,false
vga_games_json931,Game_List_ID_661,false
vga_games_json945,Game_List_ID_662,false
vga_games_json949,Game_List_ID_667,false
vga_games_json969,Game_List_ID_673,false
vga_games_json974,Game_List_ID_674,false
vga_games_json978,Game_List_ID_675,false
vga_games_json987,Game_List_ID_676,false
vga_games_json1014,Game_List_ID_677,false
vga_games_json1021,Game_List_ID_678,false
vga_games_json1023,Game_List_ID_679,false
vga_games_json1025,Game_List_ID_680,false
vga_games_json1030,Game_List_ID_681,false
vga_games_json1036,Game_List_ID_685,false
vga_games_json1038,Game_List_ID_697,false
vga_games_json1054,Game_List_ID_700,false
vga_games_json1060,Game_List_ID_701,false
vga_games_json1065,Game_List_ID_702,false
vga_games_json1068,Game_List_ID_703,false
vga_games_json1077,Game_List_ID_704,false
vga_games_json1079,Game_List_ID_706,false
vga_games_json1086,Game_List_ID_707,false
vga_games_json1089,Game_List_ID_709,false
vga_games_json1098,Game_List_ID_710,false
vga_games_json1100,Game_List_ID_711,false
vga_games_json1105,Game_List_ID_712,false
vga_games_json1110,Game_List_ID_713,false
vga_games_json1135,Game_List_ID_720,false
vga_games_json1137,Game_List_ID_721,false
vga_games_json1139,Game_List_ID_726,false
